{
  "_format": "hh-sol-cache-2",
  "files": {
    "C:\\Users\\awy2k\\Desktop\\Semester-7-Work\\BC\\Aurora\\Blockchain\\contracts\\DIDRegistry.sol": {
      "lastModificationDate": 1732767038083,
      "contentHash": "6065ded03ee39b827c9aa8c99854d5fb",
      "sourceName": "contracts/DIDRegistry.sol",
      "solcConfig": {
        "version": "0.8.27",
        "settings": {
          "evmVersion": "paris",
          "optimizer": {
            "enabled": false,
            "runs": 200
          },
          "outputSelection": {
            "*": {
              "*": [
                "abi",
                "evm.bytecode",
                "evm.deployedBytecode",
                "evm.methodIdentifiers",
                "metadata"
              ],
              "": [
                "ast"
              ]
            }
          }
        }
      },
      "imports": [],
      "versionPragmas": [
        "^0.8.27"
      ],
      "artifacts": [
        "DIDRegistry"
      ]
    },
    "C:\\Users\\awy2k\\Desktop\\Semester-7-Work\\BC\\Aurora\\Blockchain\\node_modules\\hardhat\\console.sol": {
      "lastModificationDate": 1732427550404,
      "contentHash": "681c532e816169606d13a5fe8b475074",
      "sourceName": "hardhat/console.sol",
      "solcConfig": {
        "version": "0.8.27",
        "settings": {
          "evmVersion": "paris",
          "optimizer": {
            "enabled": false,
            "runs": 200
          },
          "outputSelection": {
            "*": {
              "*": [
                "abi",
                "evm.bytecode",
                "evm.deployedBytecode",
                "evm.methodIdentifiers",
                "metadata"
              ],
              "": [
                "ast"
              ]
            }
          }
        }
      },
      "imports": [],
      "versionPragmas": [
        ">=0.4.22 <0.9.0"
      ],
      "artifacts": [
        "console"
      ]
    }
  }
}
